Time,aMag,gMag,ang,bpm,but
57270,1.0057832768544126,4.831573242744023,264.237183047683,74.91,0
58511,0.9849365461794988,2.3860846590177807,264.6220726502159,4.3,0
59593,1.0152339631828715,11.518459098334292,264.06266878139115,4.3,0
60714,1.0080674580602234,1.3556179402766844,264.19500547289266,4.3,2
61916,1.0001499887516871,0.9348261870529729,264.34119777557015,4.3,2
63178,1.0001499887516871,0.8300602387778854,264.34119777557015,13.08,2
64379,1.0022474744293446,1.4125508840392265,264.3024698908201,51.64,0
65521,1.003493896344168,1.1374972527439353,264.2794556048658,51.64,2
66722,1.003493896344168,0.4382921400162225,264.2794556048658,51.64,2
67924,1.003493896344168,0.8322259308625273,264.2794556048658,18.84,2
69125,1.003493896344168,0.7915806970865321,264.2794556048658,18.84,2
70327,1.0048382954485762,0.6462971452822611,264.25463190086833,18.84,0
71468,1.0045396955820112,0.6216912416947822,264.2601454389521,17.94,0
72610,1.0045396955820112,0.7747257579298626,264.2601454389521,17.94,2
73811,0.9960421677820673,0.6256196927846821,264.4170419294101,18.61,2
74993,1.0045396955820112,0.6245798587850876,264.2601454389521,18.61,2
76195,1.0058826969383656,0.6833008122342604,264.23534726972684,43.42,2
77436,1.0072735477515529,6.662116780723676,264.209665201182,30.88,0
78638,1.0287856919689349,16.744736486430597,263.81239478094886,30.88,0
79779,0.9988993943335835,2.993426130707087,264.3642882898655,30.88,0
80921,0.9982985525382675,1.393197760549449,264.37538190331145,30.88,0
82063,1.00359354322355,1.8431223507949763,264.27761568369533,30.88,0
83264,0.9976973488989535,2.522736609319332,264.38648212757164,30.88,0
84406,1.0064790112068904,0.7961155694998058,264.22433636954236,30.88,0
85527,1.0062305898749053,0.7134423592694787,264.22892346006256,30.88,0
86669,1.0064790112068904,0.7479304780526063,264.22433636954236,30.88,0
87810,0.9989494481704267,1.2635268101627286,264.3633641201078,30.88,0
88952,1.0040916292848974,10.557741235699991,264.2684187877412,30.88,0
90093,1.002297361066066,1.625084613181726,264.3015487756967,4.73,0
91235,1.0062305898749053,1.0005498488331304,264.22892346006256,4.73,0
92376,1.005186549850325,0.7677239087067694,264.24820148783544,4.73,0
93518,1.0062305898749053,0.6664082832618454,264.22892346006256,4.73,2
94719,1.0062305898749053,0.7406753674856482,264.22892346006256,4.73,2
95921,1.0062305898749053,0.6946941773183363,264.22892346006256,4.73,0
97063,1.006081507632458,0.6868769904429759,264.2316762522497,4.73,0
98204,1.006081507632458,0.6664082832618454,264.2316762522497,4.73,2
99406,1.0062305898749053,0.6664082832618454,264.22892346006256,4.73,0
100547,1.0050373127401788,0.6946941773183363,264.250957109195,4.73,0
101749,1.0050373127401788,0.7142128534267639,264.250957109195,4.73,0
102890,1.006081507632458,0.6664082832618454,264.2316762522497,4.82,0
104012,1.0050373127401788,0.7479304780526063,264.250957109195,80.97,0
105153,1.0050373127401788,0.6664082832618454,264.250957109195,26.99,0
106295,1.0050373127401788,0.6946941773183363,264.250957109195,85.59,0
107437,1.0050373127401788,0.7142128534267639,264.250957109195,85.59,0
108578,1.0050373127401788,0.6664082832618454,264.250957109195,83.22,0
109720,1.0050373127401788,0.6946941773183363,264.250957109195,80.97,0
110861,1.0050373127401788,0.6946941773183363,264.250957109195,85.59,0
112003,1.0050373127401788,0.6946941773183363,264.250957109195,80.97,0
113144,1.0050373127401788,0.6946941773183363,264.250957109195,83.22,0
114286,1.0050373127401788,0.7217340230306453,264.250957109195,80.97,0
115407,1.0050373127401788,0.6664082832618454,264.250957109195,76.82,0
116549,1.0050373127401788,0.7142128534267639,264.250957109195,80.97,0
117690,1.0050373127401788,0.7217340230306453,264.250957109195,80.97,0
118832,1.0050373127401788,0.6664082832618454,264.250957109195,83.22,0
119973,1.0050373127401788,0.7142128534267639,264.250957109195,76.82,0
121115,1.0050373127401788,0.7217340230306453,264.250957109195,80.97,0
122256,1.0050373127401788,0.6664082832618454,264.250957109195,80.97,0
123398,1.006081507632458,0.6868769904429759,264.2316762522497,78.84,0
124539,1.007620960480676,1.049237818609299,264.2032501639912,136.05,0
125681,1.0073728207570423,1.3054884143492045,264.2078321100739,136.05,2
126882,1.0062305898749053,0.8184130986244049,264.22892346006256,136.05,0
128024,0.9962931295557548,1.201124473150056,264.41240842705224,18.38,2
129226,1.006081507632458,0.7075309180523491,264.2316762522497,18.38,0
130367,1.006081507632458,1.376190393804578,264.2316762522497,20.8,0
131509,1.006081507632458,1.1301769772916097,264.2316762522497,93.6,2
132690,1.006081507632458,0.9218459741193211,264.2316762522497,93.6,0
133832,1.006081507632458,0.8235289915965315,264.2316762522497,24.97,0
134973,1.006081507632458,0.7142128534267639,264.2316762522497,24.97,0
136115,1.006081507632458,0.6664082832618454,264.2316762522497,24.97,0
137256,1.006081507632458,0.6664082832618454,264.2316762522497,18.16,0
138398,1.006081507632458,0.6664082832618454,264.2316762522497,76.82,0
139539,1.006081507632458,0.6664082832618454,264.2316762522497,80.97,0
140681,1.0050373127401788,0.6664082832618454,264.250957109195,78.84,0
141882,1.006081507632458,0.7217340230306453,264.2316762522497,83.22,0
143024,1.006081507632458,0.6797793759742936,264.2316762522497,76.82,0
144165,1.006081507632458,0.6664082832618454,264.2316762522497,80.97,0
145287,1.006081507632458,0.7217340230306453,264.2316762522497,76.82,0
146448,1.006081507632458,0.6664082832618454,264.2316762522497,80.97,0
147630,1.006081507632458,0.7217340230306453,264.2316762522497,78.84,0
148832,1.006081507632458,0.6582552696332935,264.2316762522497,85.59,0
150033,1.006081507632458,0.7406753674856482,264.2316762522497,80.97,0
151235,1.006081507632458,0.6119640512317697,264.2316762522497,78.84,0
152376,0.9961425600786264,0.7406753674856482,264.4151883898493,76.82,0
153518,0.9961425600786264,0.7167286794875729,264.4151883898493,76.82,0
154660,1.006081507632458,0.7167286794875729,264.2316762522497,83.22,0
155801,1.006081507632458,0.6582552696332935,264.2316762522497,78.84,0
156943,1.006081507632458,0.6664082832618454,264.2316762522497,83.22,0
158084,1.006081507632458,0.6582552696332935,264.2316762522497,78.84,0
159226,1.006081507632458,0.7217340230306453,264.2316762522497,85.59,0
160367,1.0050373127401788,0.6582552696332935,264.250957109195,80.97,0
161549,1.006081507632458,0.7217340230306453,264.2316762522497,83.22,0
162690,1.006081507632458,0.6664082832618454,264.2316762522497,76.82,0
163832,1.006081507632458,0.7598684096605149,264.2316762522497,85.59,0
164973,1.006081507632458,0.6664082832618454,264.2316762522497,69.69,0
166115,1.006081507632458,0.6664082832618454,264.2316762522497,85.59,0
167257,1.006081507632458,0.6797793759742936,264.2316762522497,80.97,0
168398,1.006081507632458,0.6946941773183363,264.2316762522497,76.82,0
169540,1.004987562112089,0.6245798587850876,264.25187573961483,80.97,0
170681,1.0050373127401788,0.7217340230306453,264.250957109195,83.22,0
171823,1.006081507632458,0.6664082832618454,264.2316762522497,80.97,0
172964,1.006081507632458,0.7142128534267639,264.2316762522497,83.22,0
174146,1.0050373127401788,0.7217340230306453,264.250957109195,74.91,0
17618,1.005186549850325,0.7340980860893183,264.24820148783544,0.0,0
18860,1.007620960480676,5.206937679673149,264.2032501639912,0.0,0
20001,1.0010993956645864,1.3970325694127534,264.3236680734367,0.0,0
21143,1.0010993956645864,1.0141991914806479,264.3236680734367,0.0,0
22285,1.0010993956645864,0.7217340230306453,264.3236680734367,0.0,0
23426,1.0010993956645864,0.9087904048789248,264.3236680734367,2.59,0
24568,1.0010993956645864,0.6472248450113762,264.3236680734367,2.59,0
25709,1.0010993956645864,0.7731106001084191,264.3236680734367,23.41,0
26831,1.002546757014355,1.0599528291391085,264.296943880331,76.73,1
28034,0.9954396013822234,2.485115691471928,264.42816705141007,76.73,1
29236,1.0079682534683323,2.778578773401971,264.19683731422754,76.73,1
30437,0.9992997548283498,1.5659182609574487,264.35689621433244,76.73,2
31638,1.0010993956645864,3.32454508166155,264.3236680734367,76.73,2
32840,0.999749968742185,5.830377346278713,264.34858363059215,9.39,0
33981,0.9961425600786264,5.58489033016764,264.4151883898493,9.39,0
35183,1.0084641788382966,4.294985448170925,264.1876798902992,9.39,0
36324,1.0073728207570423,1.235677951571525,264.2078321100739,9.39,0
37466,1.006081507632458,0.6555150646628954,264.2316762522497,9.39,0
38608,1.006081507632458,0.7340980860893183,264.2316762522497,9.39,0
39729,1.006081507632458,0.7406753674856482,264.2316762522497,9.39,0
40871,1.006081507632458,0.6797793759742936,264.2316762522497,9.39,0
42072,1.006081507632458,0.6664082832618454,264.2316762522497,9.39,0
43214,1.006081507632458,0.6797793759742936,264.2316762522497,9.39,0
44355,1.006081507632458,0.8021221852062191,264.2316762522497,9.39,0
45497,1.006081507632458,2.536710468303389,264.2316762522497,9.39,0
46638,1.0040916292848974,0.8006872048434396,264.2684187877412,9.39,0
47780,1.0050373127401788,1.0812492774564062,264.250957109195,4.16,0
48921,1.0050373127401788,0.8132650244538984,264.250957109195,37.45,0
50063,1.0050373127401788,0.6582552696332935,264.250957109195,73.08,0
51205,1.0050373127401788,0.73824115301167,264.250957109195,73.08,0
52346,1.0050373127401788,0.7598684096605149,264.250957109195,73.08,2
53548,1.0050373127401788,0.7479304780526063,264.250957109195,16.74,2
54749,1.0050373127401788,0.6582552696332935,264.250957109195,44.71,2
55931,1.0050373127401788,0.7340980860893183,264.250957109195,74.91,2
57133,1.0050373127401788,0.6664082832618454,264.250957109195,85.59,2
58334,1.0050373127401788,0.6582552696332935,264.250957109195,93.6,2
59536,1.0050373127401788,0.776273147803014,264.250957109195,93.6,0
60677,1.0050373127401788,0.6664082832618454,264.250957109195,85.59,0
61819,1.0050373127401788,0.7217340230306453,264.250957109195,85.59,0
62961,1.0050373127401788,0.6472248450113762,264.250957109195,83.22,0
64102,0.9941327879111522,0.7653757247260983,264.45229437410086,74.91,2
65304,1.0050373127401788,0.7142128534267639,264.250957109195,41.61,2
66505,1.0050373127401788,0.7217340230306453,264.250957109195,78.84,2
67767,1.0050373127401788,0.73824115301167,264.250957109195,85.59,0
68889,1.0050373127401788,0.8300602387778854,264.250957109195,49.1,0
70030,1.0050373127401788,0.7116881339463235,264.250957109195,63.76,0
71172,1.0050373127401788,0.7217340230306453,264.250957109195,63.76,0
72313,1.0050373127401788,0.6664082832618454,264.250957109195,83.22,0
73455,1.0050373127401788,0.6472248450113762,264.250957109195,80.97,0
74596,1.0050373127401788,0.7142128534267639,264.250957109195,80.97,0
75738,1.0050373127401788,0.7142128534267639,264.250957109195,80.97,0
76880,1.0050373127401788,0.7479304780526063,264.250957109195,85.59,0
78021,1.0050373127401788,0.7479304780526063,264.250957109195,76.82,0
79163,1.0050373127401788,0.7217340230306453,264.250957109195,85.59,0
80304,1.0050373127401788,0.6582552696332935,264.250957109195,80.97,0
81506,1.0050373127401788,0.7217340230306453,264.250957109195,83.22,0
82647,1.0050373127401788,0.7217340230306453,264.250957109195,83.22,0
83789,1.0050373127401788,0.6980687645210892,264.250957109195,85.59,0
84911,1.0050373127401788,0.6664082832618454,264.250957109195,85.59,0
86052,1.0050373127401788,0.7217340230306453,264.250957109195,83.22,0
87194,1.0050373127401788,0.6664082832618454,264.250957109195,83.22,0
88335,1.0050373127401788,0.6664082832618454,264.250957109195,80.97,0
89477,1.0050373127401788,0.6664082832618454,264.250957109195,80.97,0
90619,1.0050373127401788,0.6582552696332935,264.250957109195,88.11,0
91760,1.0050373127401788,0.6664082832618454,264.250957109195,88.11,0
92902,1.0050373127401788,0.6664082832618454,264.250957109195,90.77,0
94043,1.0050373127401788,0.7217340230306453,264.250957109195,83.22,0
95185,1.0050373127401788,0.7217340230306453,264.250957109195,80.97,0
96327,1.0050373127401788,0.6664082832618454,264.250957109195,80.97,0
97528,1.0050373127401788,0.7217340230306453,264.250957109195,80.97,0
98710,1.0050373127401788,0.6582552696332935,264.250957109195,80.97,0
99851,1.0050373127401788,0.6119640512317697,264.250957109195,80.97,0
100993,1.0050373127401788,0.6664082832618454,264.250957109195,85.59,0
102135,1.0050373127401788,0.6664082832618454,264.250957109195,83.22,0
103276,1.0050373127401788,0.7217340230306453,264.250957109195,83.22,0
104418,1.0050373127401788,0.7142128534267639,264.250957109195,88.11,0
105559,1.0050373127401788,0.6946941773183363,264.250957109195,88.11,0
106701,1.0050373127401788,0.7167286794875729,264.250957109195,88.11,0
107842,1.0050373127401788,0.7217340230306453,264.250957109195,78.84,0
108984,1.0050373127401788,0.7777531742140303,264.250957109195,80.97,0
110126,1.0050373127401788,0.6664082832618454,264.250957109195,83.22,0
111267,1.0050373127401788,0.6797793759742936,264.250957109195,90.77,0
112409,1.0050373127401788,0.7217340230306453,264.250957109195,76.82,0
113591,1.0050373127401788,0.7217340230306453,264.250957109195,80.97,0
114732,1.0050373127401788,0.7217340230306453,264.250957109195,85.59,0
115874,1.0050373127401788,0.7217340230306453,264.250957109195,88.11,0
117016,1.0050373127401788,0.6472248450113762,264.250957109195,85.59,0
118157,1.0050373127401788,0.6664082832618454,264.250957109195,90.77,0
119299,1.0050373127401788,0.6664082832618454,264.250957109195,88.11,0
120441,1.0050373127401788,0.6946941773183363,264.250957109195,90.77,0
121582,1.0050373127401788,0.6664082832618454,264.250957109195,83.22,0
122724,1.0050373127401788,0.7217340230306453,264.250957109195,85.59,0
123865,1.0050373127401788,0.7217340230306453,264.250957109195,83.22,0
125007,1.0050373127401788,0.7217340230306453,264.250957109195,83.22,0
126128,1.0050373127401788,0.6664082832618454,264.250957109195,83.22,0
127270,1.0050373127401788,0.7217340230306453,264.250957109195,83.22,0
128472,1.0050373127401788,0.6664082832618454,264.250957109195,85.59,0
129613,1.0050373127401788,0.6664082832618454,264.250957109195,80.97,0
130755,1.0050373127401788,0.6472248450113762,264.250957109195,80.97,0
131896,1.0050373127401788,0.7527283706623525,264.250957109195,78.84,0
133038,1.0050373127401788,0.7217340230306453,264.250957109195,78.84,0
134180,1.0050373127401788,0.6963476143421474,264.250957109195,76.82,0
135381,1.0050373127401788,0.6664082832618454,264.250957109195,44.05,0
136523,1.0040916292848974,0.7217340230306453,264.2684187877412,83.22,0
137664,1.0050373127401788,0.7777531742140303,264.250957109195,85.59,0
138806,1.0050373127401788,0.6582552696332935,264.250957109195,83.22,0
27084,1.0050373127401788,0.6664082832618454,264.250957109195,0.0,0
28326,1.0050373127401788,0.7217340230306453,264.250957109195,0.0,0
29447,1.0050373127401788,0.7406753674856482,264.250957109195,2.04,0
30589,0.985291834940288,4.641939249925617,264.61551371630077,83.22,0
31731,1.0050373127401788,0.9998999949995,264.250957109195,63.69,2
32992,1.006081507632458,0.6726812023536856,264.2316762522497,63.69,2
34194,1.0050373127401788,0.8006872048434396,264.250957109195,63.69,1
35397,1.0050373127401788,0.7217340230306453,264.250957109195,63.69,1
36598,1.0050373127401788,0.7479304780526063,264.250957109195,90.77,0
37740,1.0050373127401788,0.6963476143421474,264.250957109195,73.08,0
38881,1.0050373127401788,1.1458621208504973,264.250957109195,124.74,0
40003,1.0050373127401788,0.7406753674856482,264.250957109195,124.74,2
41204,1.0050373127401788,0.7142128534267639,264.250957109195,80.97,0
42345,1.0050373127401788,0.6582552696332935,264.250957109195,80.97,0
43507,1.0050373127401788,0.7217340230306453,264.250957109195,76.82,0
44649,1.0050373127401788,0.7217340230306453,264.250957109195,76.82,0
45770,1.0050373127401788,0.837973746605465,264.250957109195,28.8,0
46911,1.0050373127401788,0.6664082832618454,264.250957109195,28.8,1
48114,1.0050373127401788,0.751065909225016,264.250957109195,76.82,0
49315,0.9950879358127099,0.6609841147864296,264.4346597845169,76.82,2
50516,1.0050373127401788,0.7217340230306453,264.250957109195,27.74,2
51718,1.0050373127401788,0.7406753674856482,264.250957109195,80.97,0
52859,1.0050373127401788,0.6946941773183363,264.250957109195,103.27,1
54062,1.0050373127401788,0.7040596565632774,264.250957109195,85.59,0
55203,1.0050373127401788,0.7217340230306453,264.250957109195,39.42,0
56345,1.0050373127401788,0.7217340230306453,264.250957109195,66.52,2
57546,1.0050373127401788,0.6664082832618454,264.250957109195,47.58,2
58747,1.0050373127401788,0.7217340230306453,264.250957109195,80.97,2
59949,1.0050373127401788,0.9113725912051557,264.250957109195,41.61,0
61070,1.0050373127401788,0.6664082832618454,264.250957109195,39.95,0
62272,1.0050373127401788,0.7217340230306453,264.250957109195,78.84,1
63475,1.0050373127401788,0.7217340230306453,264.250957109195,76.82,0
64616,1.005186549850325,2.9699494945200664,264.24820148783544,76.82,0
65758,1.0366291525902598,2.0491217630975473,263.6675246071976,76.82,0
66899,0.9922701245124737,33.386729399568324,264.4866836248613,76.82,0
68041,1.0062305898749053,0.7406753674856482,264.22892346006256,76.82,0
69182,1.0062305898749053,0.7777531742140303,264.22892346006256,76.82,0
70324,1.006081507632458,0.7340980860893183,264.2316762522497,76.82,0
71465,1.006081507632458,0.7217340230306453,264.2316762522497,76.82,0
72607,1.006081507632458,0.6797793759742936,264.2316762522497,76.82,0
73748,1.006081507632458,0.7142128534267639,264.2316762522497,76.82,0
74870,1.006081507632458,0.7340980860893183,264.2316762522497,76.82,0
76011,1.006081507632458,0.7142128534267639,264.2316762522497,76.82,0
77153,1.006081507632458,0.7217340230306453,264.2316762522497,76.82,0
78294,1.006081507632458,0.7217340230306453,264.2316762522497,76.82,0
79435,1.006081507632458,0.7217340230306453,264.2316762522497,80.97,0
80577,1.006081507632458,0.7217340230306453,264.2316762522497,80.97,0
81719,1.006081507632458,0.7217340230306453,264.2316762522497,78.84,0
82860,1.006081507632458,0.6664082832618454,264.2316762522497,83.22,0
84002,1.006081507632458,0.7217340230306453,264.2316762522497,80.97,0
85143,1.006081507632458,0.7217340230306453,264.2316762522497,83.22,0
86345,1.006081507632458,0.7217340230306453,264.2316762522497,85.59,0
87486,1.006081507632458,0.7217340230306453,264.2316762522497,85.59,0
88688,1.006081507632458,0.6664082832618454,264.2316762522497,83.22,0
89810,1.006081507632458,0.7217340230306453,264.2316762522497,83.22,0
90951,1.006081507632458,0.7142128534267639,264.2316762522497,83.22,0
92153,1.006081507632458,0.7217340230306453,264.2316762522497,78.84,0
93354,1.006081507632458,0.6797793759742936,264.2316762522497,78.84,0
94496,1.006081507632458,0.7217340230306453,264.2316762522497,78.84,0
95697,1.006081507632458,0.7217340230306453,264.2316762522497,74.91,0
96839,1.006081507632458,0.7217340230306453,264.2316762522497,44.05,0
97981,1.006081507632458,0.7116881339463235,264.2316762522497,83.22,0
99122,1.006081507632458,0.7142128534267639,264.2316762522497,83.22,0
100264,1.006081507632458,0.6664082832618454,264.2316762522497,83.22,0
101405,1.006081507632458,0.6609841147864296,264.2316762522497,83.22,0
102547,1.006081507632458,0.7217340230306453,264.2316762522497,78.84,0
103688,1.006081507632458,0.6664082832618454,264.2316762522497,80.97,0
104810,1.006081507632458,0.837973746605465,264.2316762522497,78.84,0
105952,1.0050373127401788,0.6341923998283171,264.250957109195,88.11,0
107093,1.0050373127401788,0.9644687656943589,264.250957109195,42.19,0
108235,1.0050373127401788,0.7217340230306453,264.250957109195,42.19,2
109436,1.0050373127401788,0.7487322618933954,264.250957109195,45.39,0
110577,1.0062305898749053,5.923723491183565,264.22892346006256,68.1,0
111719,1.0054352291420865,0.9152595260361948,264.2436096848343,68.1,0
112860,0.9942836617384396,2.884111648324316,264.44950885070244,68.1,0
114002,0.9764220398987314,2.5260641322025057,264.7792505054513,68.1,0
115143,0.9960421677820673,12.425019114673425,264.4170419294101,68.1,0
116285,0.9813256340277675,3.455054268748901,264.6887318040001,68.1,0
117427,1.049285471165974,42.450783267214284,263.4337338554958,68.1,0
118568,1.0062305898749053,0.7892401408950256,264.22892346006256,68.1,0
119690,1.0062305898749053,0.7406753674856482,264.22892346006256,68.1,0
120832,1.0062305898749053,0.7406753674856482,264.22892346006256,68.1,0
121973,1.0062305898749053,0.7217340230306453,264.22892346006256,68.1,0
123115,1.006081507632458,0.7217340230306453,264.2316762522497,68.1,0
124256,1.006081507632458,0.7217340230306453,264.2316762522497,68.1,0
125398,1.006081507632458,0.7217340230306453,264.2316762522497,68.1,0
126540,1.006081507632458,0.6664082832618454,264.2316762522497,68.1,0
127681,1.006081507632458,0.7217340230306453,264.2316762522497,68.1,0
128823,1.006081507632458,0.7217340230306453,264.2316762522497,68.1,0
129964,1.006081507632458,0.7142128534267639,264.2316762522497,68.1,0
131106,1.006081507632458,0.7217340230306453,264.2316762522497,68.1,0
132248,1.006081507632458,0.7217340230306453,264.2316762522497,68.1,0
133449,1.006081507632458,0.7142128534267639,264.2316762522497,68.1,0
134591,1.006081507632458,0.7217340230306453,264.2316762522497,68.1,0
135732,1.006081507632458,0.7479304780526063,264.2316762522497,68.1,0
136874,1.006081507632458,0.6472248450113762,264.2316762522497,80.97,0
138015,1.006081507632458,0.6582552696332935,264.2316762522497,80.97,0
139157,1.006081507632458,0.7217340230306453,264.2316762522497,78.84,0
140339,1.006081507632458,0.7217340230306453,264.2316762522497,41.04,0
141540,1.006081507632458,0.7217340230306453,264.2316762522497,76.82,0
142682,1.006081507632458,0.7217340230306453,264.2316762522497,88.11,0
143823,1.006081507632458,0.7340980860893183,264.2316762522497,83.22,0
144965,1.006081507632458,0.7217340230306453,264.2316762522497,85.59,0
146087,1.006081507632458,0.7040596565632774,264.2316762522497,83.22,0
147228,1.006081507632458,0.6937578828380979,264.2316762522497,83.22,0
148370,1.006081507632458,0.6664082832618454,264.2316762522497,44.71,0
149511,1.006081507632458,0.7777531742140303,264.2316762522497,80.97,0
150653,1.006081507632458,0.7217340230306453,264.2316762522497,71.34,0
151855,1.006081507632458,0.6868769904429759,264.2316762522497,83.22,0
153056,1.006081507632458,0.6797793759742936,264.2316762522497,88.11,0
154198,1.006081507632458,0.7217340230306453,264.2316762522497,88.11,0
155340,1.006081507632458,0.8556868586112562,264.2316762522497,90.77,0
156481,1.006081507632458,0.7217340230306453,264.2316762522497,90.77,0
157623,1.006081507632458,0.6664082832618454,264.2316762522497,90.77,0
158764,1.006081507632458,0.7217340230306453,264.2316762522497,88.11,0
159906,1.006081507632458,0.7217340230306453,264.2316762522497,85.59,0
161028,1.006081507632458,0.6472248450113762,264.2316762522497,85.59,0
162169,1.006081507632458,0.7217340230306453,264.2316762522497,90.77,0
163311,1.006081507632458,0.6664082832618454,264.2316762522497,74.91,0
164452,1.006081507632458,0.6797793759742936,264.2316762522497,83.22,0
165594,1.006081507632458,1.1496521212958293,264.2316762522497,83.22,0
166736,1.0050373127401788,0.7340980860893183,264.250957109195,27.74,0
167877,1.0050373127401788,0.7040596565632774,264.250957109195,83.22,0
169019,1.0050373127401788,0.7217340230306453,264.250957109195,80.97,0
170160,1.0050373127401788,0.6664082832618454,264.250957109195,85.59,0
171302,1.0050373127401788,0.6664082832618454,264.250957109195,85.59,0
172444,1.0050373127401788,0.6664082832618454,264.250957109195,83.22,0
173585,1.0050373127401788,0.7217340230306453,264.250957109195,88.11,0
174707,1.0050373127401788,0.7217340230306453,264.250957109195,80.97,0
175849,1.0050373127401788,0.7217340230306453,264.250957109195,83.22,0
176990,1.0050373127401788,0.7217340230306453,264.250957109195,85.59,0
178132,1.0050373127401788,0.7217340230306453,264.250957109195,85.59,0
179273,1.0050373127401788,0.7217340230306453,264.250957109195,85.59,0
180415,1.0050373127401788,0.7040596565632774,264.250957109195,78.84,0
181557,1.0050373127401788,0.7217340230306453,264.250957109195,85.59,0
182758,1.0050373127401788,0.7479304780526063,264.250957109195,83.22,0
183900,1.0050373127401788,0.7340980860893183,264.250957109195,88.11,0
185041,1.0050373127401788,0.6472248450113762,264.250957109195,88.11,0
186183,1.0050373127401788,0.7217340230306453,264.250957109195,85.59,0
187325,1.0050373127401788,0.7217340230306453,264.250957109195,80.97,0
188466,1.0050373127401788,0.7217340230306453,264.250957109195,83.22,0
189588,1.0050373127401788,0.7217340230306453,264.250957109195,78.84,0
190729,1.0050373127401788,0.7217340230306453,264.250957109195,83.22,0
191871,1.0050373127401788,0.7217340230306453,264.250957109195,78.84,0
193012,1.0050373127401788,0.6609841147864296,264.250957109195,85.59,0
194154,1.0050373127401788,0.7217340230306453,264.250957109195,80.97,0
195295,1.0050373127401788,0.7217340230306453,264.250957109195,76.82,0
196437,1.0050373127401788,0.7340980860893183,264.250957109195,80.97,0
197578,1.0050373127401788,0.7217340230306453,264.250957109195,83.22,0
198720,1.0050373127401788,0.7217340230306453,264.250957109195,78.84,0
199861,1.0050373127401788,0.7217340230306453,264.250957109195,80.97,0
201003,1.0050373127401788,0.7217340230306453,264.250957109195,83.22,0
202205,1.0050373127401788,0.6664082832618454,264.250957109195,78.84,0
203346,1.0050373127401788,0.7217340230306453,264.250957109195,78.84,0
204468,1.0050373127401788,0.7217340230306453,264.250957109195,83.22,0
205609,1.0050373127401788,0.6664082832618454,264.250957109195,80.97,0
206751,1.0050373127401788,0.6664082832618454,264.250957109195,83.22,0
207892,1.0050373127401788,0.7217340230306453,264.250957109195,85.59,0
209034,1.0050373127401788,0.6664082832618454,264.250957109195,80.97,0
210176,1.0050373127401788,0.7217340230306453,264.250957109195,80.97,0
211317,1.0050373127401788,0.7217340230306453,264.250957109195,80.97,0
212459,1.0050373127401788,0.7217340230306453,264.250957109195,80.97,0
213600,1.0050373127401788,0.6664082832618454,264.250957109195,80.97,0
214742,1.0050373127401788,0.7217340230306453,264.250957109195,80.97,0
215883,1.0050373127401788,0.7217340230306453,264.250957109195,85.59,0
217025,1.0050373127401788,0.7217340230306453,264.250957109195,83.22,0
218166,1.0050373127401788,0.7217340230306453,264.250957109195,80.97,0
219288,1.0050373127401788,0.7217340230306453,264.250957109195,80.97,0
220430,1.0050373127401788,0.7217340230306453,264.250957109195,85.59,0
221571,1.0050373127401788,0.7040596565632774,264.250957109195,85.59,0
222713,1.0050373127401788,0.7217340230306453,264.250957109195,85.59,0
223854,1.0050373127401788,0.7217340230306453,264.250957109195,88.11,0
225016,1.0050373127401788,0.7479304780526063,264.250957109195,80.97,0
226138,1.0050373127401788,0.7217340230306453,264.250957109195,83.22,0
227279,1.0050373127401788,0.6664082832618454,264.250957109195,83.22,0
228421,1.0050373127401788,1.0195096860746347,264.250957109195,78.84,0
229562,1.0050373127401788,0.7527283706623525,264.250957109195,39.42,0
230704,1.0050373127401788,0.6360031446463138,264.250957109195,39.42,0
231845,1.0050373127401788,0.7142128534267639,264.250957109195,74.91,0
232987,0.9941327879111522,4.706771717430111,264.45229437410086,74.91,0
234189,1.0050373127401788,0.8162107570964745,264.250957109195,27.24,1
235391,1.0040916292848974,0.7778817390837761,264.2684187877412,88.11,0
236533,1.0040916292848974,0.6797793759742936,264.2684187877412,88.11,0
237735,1.0040916292848974,0.6980687645210892,264.2684187877412,20.52,0
238916,1.0040916292848974,0.7217340230306453,264.2684187877412,20.52,0
240058,1.0040916292848974,0.7116881339463235,264.2684187877412,29.66,0
241199,1.0040916292848974,0.6664082832618454,264.2684187877412,40.49,2
242400,1.0040916292848974,0.7217340230306453,264.2684187877412,78.84,0
243602,1.0040916292848974,0.7167286794875729,264.2684187877412,78.84,0
244743,0.9941327879111522,0.8257723657279893,264.45229437410086,28.0,0
245885,1.0050373127401788,2.049658508142271,264.250957109195,35.23,0
247006,1.0153817016275208,10.20479299153099,264.0599405367469,35.23,0
248148,0.9980480950335009,1.3949193525075205,264.38000619266774,35.23,0
249289,1.0088607436113273,1.568247429457482,264.1803571575663,35.23,0
250431,1.0079682534683323,0.9348261870529729,264.19683731422754,35.23,0
251572,1.007620960480676,1.2672410978184065,264.2032501639912,35.23,0
252774,1.005186549850325,0.7217340230306453,264.24820148783544,35.23,0
253916,1.0050373127401788,0.7217340230306453,264.250957109195,35.23,0
255057,1.0050373127401788,0.7217340230306453,264.250957109195,35.23,0
256199,1.0050373127401788,0.6664082832618454,264.250957109195,35.23,0
257340,1.0050373127401788,0.7479304780526063,264.250957109195,35.23,0
258482,1.0050373127401788,0.7598684096605149,264.250957109195,4.83,0
259623,1.0050373127401788,0.7167286794875729,264.250957109195,83.22,0
260765,1.0050373127401788,0.6664082832618454,264.250957109195,80.97,0
261906,1.0050373127401788,0.7340980860893183,264.250957109195,78.84,0
263028,1.0050373127401788,0.7217340230306453,264.250957109195,80.97,0
264169,1.0050373127401788,0.7217340230306453,264.250957109195,80.97,0
265311,1.0050373127401788,0.7340980860893183,264.250957109195,27.24,0
266453,1.0050373127401788,0.7479304780526063,264.250957109195,83.22,0
267594,1.0050373127401788,0.7217340230306453,264.250957109195,78.84,0
268736,1.0050373127401788,0.7217340230306453,264.250957109195,78.84,0
269877,1.0050373127401788,0.7217340230306453,264.250957109195,83.22,0
271019,1.0050373127401788,0.7217340230306453,264.250957109195,80.97,0
272160,1.0050373127401788,0.7340980860893183,264.250957109195,83.22,0
273362,1.0050373127401788,0.7217340230306453,264.250957109195,76.82,0
274503,1.0050373127401788,0.7340980860893183,264.250957109195,78.84,0
275645,1.0050373127401788,0.7406753674856482,264.250957109195,83.22,0
276766,1.0050373127401788,0.6664082832618454,264.250957109195,83.22,0
277908,1.0050373127401788,0.6797793759742936,264.250957109195,78.84,0
279049,1.0050373127401788,0.6868769904429759,264.250957109195,78.84,0
280191,1.0050373127401788,0.7217340230306453,264.250957109195,78.84,0
281332,1.0050373127401788,0.7340980860893183,264.250957109195,41.61,0
282474,1.0050373127401788,0.7217340230306453,264.250957109195,44.05,0
283615,1.0050373127401788,0.6946941773183363,264.250957109195,78.84,0
284757,1.0050373127401788,0.7479304780526063,264.250957109195,78.84,0
285898,1.0050373127401788,0.6946941773183363,264.250957109195,78.84,0
287040,1.0050373127401788,0.6664082832618454,264.250957109195,83.22,0
288182,1.0050373127401788,0.6609841147864296,264.250957109195,74.91,0
289323,1.0064790112068904,0.768439978137525,264.22433636954236,85.59,0
290465,1.0050373127401788,0.7217340230306453,264.250957109195,83.22,0
291607,1.0050373127401788,0.6963476143421474,264.250957109195,83.22,0
292788,1.0050373127401788,0.7142128534267639,264.250957109195,76.82,0
293929,1.0050373127401788,0.6797793759742936,264.250957109195,90.77,0
295091,1.0050373127401788,0.7217340230306453,264.250957109195,76.82,0
296232,1.0050373127401788,0.7340980860893183,264.250957109195,80.97,0
297434,1.0050373127401788,0.6664082832618454,264.250957109195,85.59,0
298576,1.0050373127401788,0.7217340230306453,264.250957109195,80.97,0
299757,1.0050373127401788,0.6582552696332935,264.250957109195,83.22,0
300899,1.0050373127401788,0.7142128534267639,264.250957109195,78.84,0
302040,1.0050373127401788,0.7040596565632774,264.250957109195,37.93,0
303182,1.0050373127401788,0.7217340230306453,264.250957109195,80.97,0
304383,1.0050373127401788,0.7142128534267639,264.250957109195,78.84,0
305525,1.0050373127401788,0.7217340230306453,264.250957109195,85.59,0
306667,1.0050373127401788,0.6664082832618454,264.250957109195,80.97,0
307808,1.0050373127401788,0.7217340230306453,264.250957109195,85.59,0
308930,1.0050373127401788,0.6664082832618454,264.250957109195,83.22,0
310071,1.0050373127401788,0.7217340230306453,264.250957109195,88.11,0
311213,1.0050373127401788,0.7142128534267639,264.250957109195,76.82,0
312354,1.0050373127401788,0.7217340230306453,264.250957109195,39.95,0
313616,1.0050373127401788,0.7217340230306453,264.250957109195,80.97,0
314758,1.0050373127401788,0.7217340230306453,264.250957109195,80.97,0
315899,1.0050373127401788,0.7142128534267639,264.250957109195,78.84,0
317041,1.0050373127401788,0.7075309180523491,264.250957109195,78.84,0
318182,1.0050373127401788,0.6868769904429759,264.250957109195,78.84,0
319384,1.0050373127401788,0.6472248450113762,264.250957109195,76.82,0
320505,1.0050373127401788,0.7217340230306453,264.250957109195,76.82,0
321647,1.0050373127401788,0.7217340230306453,264.250957109195,76.82,0
322848,1.0050373127401788,0.7217340230306453,264.250957109195,76.82,0
323990,1.0050373127401788,0.7040596565632774,264.250957109195,83.22,0
325131,1.0050373127401788,0.7406753674856482,264.250957109195,83.22,0
326273,1.0050373127401788,0.7217340230306453,264.250957109195,83.22,0
327415,1.0050373127401788,0.7406753674856482,264.250957109195,80.97,0
328616,1.0050373127401788,0.6664082832618454,264.250957109195,88.11,0
329818,1.0050373127401788,0.7040596565632774,264.250957109195,83.22,0
331019,1.0050373127401788,0.7217340230306453,264.250957109195,78.84,0
332161,1.0050373127401788,0.7217340230306453,264.250957109195,83.22,0
333303,1.0050373127401788,0.7217340230306453,264.250957109195,83.22,0
334504,1.0050373127401788,0.7217340230306453,264.250957109195,85.59,0
335626,1.0050373127401788,0.7217340230306453,264.250957109195,88.11,0
336768,1.0050373127401788,0.7217340230306453,264.250957109195,83.22,0
337909,1.0050373127401788,0.7340980860893183,264.250957109195,69.69,0
339051,1.0050373127401788,0.7142128534267639,264.250957109195,93.6,0
340192,1.0050373127401788,0.7217340230306453,264.250957109195,76.82,0
341394,1.0050373127401788,0.768439978137525,264.250957109195,80.97,0
342535,1.0050373127401788,0.6797793759742936,264.250957109195,83.22,0
343677,1.0050373127401788,0.7340980860893183,264.250957109195,83.22,0
344818,1.0050373127401788,0.7217340230306453,264.250957109195,80.97,0
345960,1.0050373127401788,0.7217340230306453,264.250957109195,80.97,0
347102,1.0050373127401788,0.7217340230306453,264.250957109195,80.97,0
348243,1.0050373127401788,0.6472248450113762,264.250957109195,80.97,0
349365,1.0050373127401788,0.6664082832618454,264.250957109195,83.22,0
350506,1.0050373127401788,0.7142128534267639,264.250957109195,85.59,0
351648,1.0050373127401788,0.7217340230306453,264.250957109195,83.22,0
352789,1.0050373127401788,0.7217340230306453,264.250957109195,80.97,0
353931,1.0050373127401788,0.7217340230306453,264.250957109195,80.97,0
355073,1.0050373127401788,0.7167286794875729,264.250957109195,80.97,0
356214,1.0050373127401788,0.7040596565632774,264.250957109195,41.04,0
357356,1.0050373127401788,0.6472248450113762,264.250957109195,76.82,0
358497,1.0050373127401788,0.7217340230306453,264.250957109195,78.84,0
359639,1.0050373127401788,0.6664082832618454,264.250957109195,80.97,0
360840,1.0050373127401788,0.7217340230306453,264.250957109195,88.11,0
361982,1.0040916292848974,0.7613803254615921,264.2684187877412,83.22,0
363124,1.0050373127401788,0.6664082832618454,264.250957109195,85.59,0
364266,1.0050373127401788,0.7340980860893183,264.250957109195,80.97,0
365446,1.0050373127401788,0.6664082832618454,264.250957109195,74.91,0
366588,1.0050373127401788,0.7340980860893183,264.250957109195,68.1,0
367729,1.0050373127401788,0.7217340230306453,264.250957109195,71.34,0
368871,1.0050373127401788,0.7340980860893183,264.250957109195,73.08,0
370012,1.0050373127401788,0.7167286794875729,264.250957109195,80.97,0
371214,1.0050373127401788,0.7142128534267639,264.250957109195,83.22,0
372415,1.0050373127401788,0.7040596565632774,264.250957109195,83.22,0
373617,1.0050373127401788,0.6664082832618454,264.250957109195,83.22,0
374819,1.0050373127401788,0.7075309180523491,264.250957109195,88.11,0
375960,1.0050373127401788,0.7862569554541314,264.250957109195,90.77,0
377102,1.0050373127401788,0.6664082832618454,264.250957109195,85.59,0
378224,1.0050373127401788,0.7217340230306453,264.250957109195,83.22,0
379386,1.0050373127401788,0.6664082832618454,264.250957109195,83.22,0
380507,1.0050373127401788,0.7340980860893183,264.250957109195,85.59,0
381648,1.0050373127401788,0.7479304780526063,264.250957109195,83.22,0
382790,1.0050373127401788,0.7167286794875729,264.250957109195,85.59,0
383932,1.0050373127401788,0.7340980860893183,264.250957109195,83.22,0
385073,1.0050373127401788,0.7217340230306453,264.250957109195,85.59,0
386215,1.0050373127401788,0.7040596565632774,264.250957109195,83.22,0
387356,1.0050373127401788,0.7217340230306453,264.250957109195,73.08,0
388498,1.0050373127401788,0.6472248450113762,264.250957109195,73.08,0
389639,1.0050373127401788,0.7217340230306453,264.250957109195,88.11,0
390781,1.0050373127401788,0.7167286794875729,264.250957109195,80.97,0
391983,1.006081507632458,0.6664082832618454,264.2316762522497,85.59,0
393184,1.0050373127401788,0.7217340230306453,264.250957109195,88.11,0
394326,1.0050373127401788,0.7217340230306453,264.250957109195,83.22,0
395528,1.0050373127401788,0.7340980860893183,264.250957109195,80.97,0
396669,1.0050373127401788,0.6582552696332935,264.250957109195,80.97,0
397811,1.0050373127401788,0.7217340230306453,264.250957109195,85.59,0
398952,1.0050373127401788,0.7479304780526063,264.250957109195,80.97,0
400094,1.0050373127401788,0.7217340230306453,264.250957109195,88.11,0
401216,1.0050373127401788,0.7217340230306453,264.250957109195,85.59,0
402417,1.0050373127401788,0.7167286794875729,264.250957109195,83.22,0
403559,1.0050373127401788,0.7217340230306453,264.250957109195,85.59,0
404700,1.0050373127401788,0.7040596565632774,264.250957109195,83.22,0
405842,1.0050373127401788,0.7040596565632774,264.250957109195,83.22,0
406964,1.0050373127401788,0.7406753674856482,264.250957109195,83.22,0
408105,1.0050373127401788,0.7340980860893183,264.250957109195,80.97,0
409307,1.0050373127401788,0.7217340230306453,264.250957109195,83.22,0
410449,1.0050373127401788,0.6664082832618454,264.250957109195,83.22,0
411590,1.0050373127401788,0.7142128534267639,264.250957109195,85.59,0
412732,1.0050373127401788,0.6963476143421474,264.250957109195,85.59,0
413873,1.0050373127401788,0.7217340230306453,264.250957109195,80.97,0
415015,1.0050373127401788,0.6582552696332935,264.250957109195,39.95,0
416156,1.0050373127401788,0.802122185206219,264.250957109195,41.61,0
417298,1.0050373127401788,0.6664082832618454,264.250957109195,90.77,0
418440,1.0050373127401788,0.6963476143421474,264.250957109195,88.11,0
419581,1.0050373127401788,0.7217340230306453,264.250957109195,80.97,0
420723,1.0050373127401788,0.6664082832618454,264.250957109195,85.59,0
421845,1.0050373127401788,0.7479304780526063,264.250957109195,83.22,0
422986,1.0050373127401788,0.7040596565632774,264.250957109195,93.6,0
424188,1.0050373127401788,0.7217340230306453,264.250957109195,85.59,0
425390,1.0050373127401788,0.7217340230306453,264.250957109195,88.11,0
426531,1.0050373127401788,0.7040596565632774,264.250957109195,85.59,0
427673,1.0050373127401788,0.7040596565632774,264.250957109195,85.59,0
428875,1.0050373127401788,0.7217340230306453,264.250957109195,90.77,0
430016,1.0050373127401788,0.7217340230306453,264.250957109195,85.59,0
431158,1.0050373127401788,0.6664082832618454,264.250957109195,83.22,0
432359,1.0050373127401788,0.7217340230306453,264.250957109195,80.97,0
433501,1.0050373127401788,0.7040596565632774,264.250957109195,83.22,0
434643,1.0050373127401788,0.6664082832618454,264.250957109195,83.22,0
435844,1.0050373127401788,0.7217340230306453,264.250957109195,85.59,0
436986,1.0050373127401788,0.7217340230306453,264.250957109195,83.22,0
438188,1.0050373127401788,0.7217340230306453,264.250957109195,80.97,0
439389,1.0050373127401788,0.7217340230306453,264.250957109195,83.22,0
440591,1.0050373127401788,0.6664082832618454,264.250957109195,85.59,0
441732,1.0050373127401788,0.7217340230306453,264.250957109195,78.84,0
442874,1.0050373127401788,0.6472248450113762,264.250957109195,80.97,0
443995,1.0050373127401788,0.7217340230306453,264.250957109195,83.22,0
445137,1.0050373127401788,0.7167286794875729,264.250957109195,78.84,0
446279,1.0050373127401788,0.7217340230306453,264.250957109195,85.59,0
447420,1.0050373127401788,0.7598684096605149,264.250957109195,80.97,0
448682,1.0050373127401788,0.7217340230306453,264.250957109195,83.22,0
449883,1.0050373127401788,0.7217340230306453,264.250957109195,78.84,0
451005,1.0050373127401788,0.6664082832618454,264.250957109195,80.97,0
452146,1.0050373127401788,0.7167286794875729,264.250957109195,78.84,0
453408,1.0050373127401788,0.7217340230306453,264.250957109195,85.59,0
454610,1.0050373127401788,0.7217340230306453,264.250957109195,83.22,0
455811,1.0050373127401788,0.7340980860893183,264.250957109195,80.97,0
457013,1.0050373127401788,0.7217340230306453,264.250957109195,78.84,0
458154,1.0050373127401788,0.7217340230306453,264.250957109195,76.82,0
459296,1.0050373127401788,0.7217340230306453,264.250957109195,83.22,0
460438,1.0050373127401788,0.7217340230306453,264.250957109195,78.84,0
461639,1.0050373127401788,0.7217340230306453,264.250957109195,83.22,0
462781,1.0050373127401788,0.6963476143421474,264.250957109195,80.97,0
463922,1.0050373127401788,0.7217340230306453,264.250957109195,78.84,0
465064,1.0050373127401788,0.6664082832618454,264.250957109195,83.22,0
466185,1.0050373127401788,0.7406753674856482,264.250957109195,78.84,0
467327,1.0050373127401788,0.6664082832618454,264.250957109195,80.97,0
468469,1.0050373127401788,0.7217340230306453,264.250957109195,85.59,0
469610,1.0050373127401788,0.7217340230306453,264.250957109195,76.82,0
470752,1.0050373127401788,0.7217340230306453,264.250957109195,85.59,0
471893,1.0050373127401788,0.6797793759742936,264.250957109195,78.84,0
473035,1.0050373127401788,0.7217340230306453,264.250957109195,90.77,0
474237,1.0050373127401788,0.7142128534267639,264.250957109195,83.22,0
475438,1.0050373127401788,0.6664082832618454,264.250957109195,80.97,0
476640,1.0050373127401788,0.7040596565632774,264.250957109195,42.8,0
477781,1.0050373127401788,0.7217340230306453,264.250957109195,80.97,0
478903,1.0050373127401788,0.7217340230306453,264.250957109195,80.97,0
480045,1.0050373127401788,0.7217340230306453,264.250957109195,83.22,0
481246,1.0050373127401788,0.7217340230306453,264.250957109195,80.97,0
482388,1.0050373127401788,0.6664082832618454,264.250957109195,83.22,0
483529,1.0050373127401788,0.7217340230306453,264.250957109195,76.82,0
484671,1.0050373127401788,0.7217340230306453,264.250957109195,83.22,0
485812,1.0050373127401788,0.7217340230306453,264.250957109195,90.77,0
487074,1.0050373127401788,0.7217340230306453,264.250957109195,85.59,0
488216,1.0050373127401788,0.7217340230306453,264.250957109195,78.84,0
489357,1.0050373127401788,0.7142128534267639,264.250957109195,42.8,0
490499,1.0050373127401788,0.7340980860893183,264.250957109195,78.84,0
491640,1.0050373127401788,0.6582552696332935,264.250957109195,76.82,0
492842,1.0050373127401788,0.7040596565632774,264.250957109195,85.59,0
493964,1.0050373127401788,0.7217340230306453,264.250957109195,83.22,0
495105,1.0050373127401788,0.7217340230306453,264.250957109195,83.22,0
496247,1.0050373127401788,0.6664082832618454,264.250957109195,78.84,0
497388,1.0050373127401788,0.7217340230306453,264.250957109195,83.22,0
498530,1.0050373127401788,0.7217340230306453,264.250957109195,83.22,0
499672,1.0050373127401788,0.6664082832618454,264.250957109195,90.77,0
500813,1.0050373127401788,0.7217340230306453,264.250957109195,83.22,0
501955,1.0050373127401788,0.6664082832618454,264.250957109195,76.82,0
503096,1.0050373127401788,0.7217340230306453,264.250957109195,42.8,0
504238,1.0050373127401788,0.7040596565632774,264.250957109195,83.22,0
505380,1.0050373127401788,0.6664082832618454,264.250957109195,85.59,0
506521,1.0050373127401788,0.7217340230306453,264.250957109195,88.11,0
507643,1.0050373127401788,0.6946941773183363,264.250957109195,83.22,0
508784,1.0050373127401788,0.7217340230306453,264.250957109195,80.97,0
509926,1.0050373127401788,0.6946941773183363,264.250957109195,88.11,0
511068,1.0050373127401788,0.7217340230306453,264.250957109195,83.22,0
512209,1.0050373127401788,0.6664082832618454,264.250957109195,88.11,0
513351,1.0050373127401788,0.6388270501473775,264.250957109195,74.91,0
514492,1.0062305898749053,1.105486318323298,264.22892346006256,90.77,0
515634,1.0064790112068904,1.2453513560437472,264.22433636954236,90.77,0
516775,1.0050373127401788,0.8981647955692763,264.250957109195,90.77,0
517977,1.0050373127401788,0.7040596565632774,264.250957109195,90.77,0
519119,1.0050373127401788,0.7340980860893183,264.250957109195,90.77,0
520260,1.0050373127401788,0.7217340230306453,264.250957109195,10.3,0
521402,1.0050373127401788,0.6797793759742936,264.250957109195,10.3,0
522524,1.0050373127401788,0.7217340230306453,264.250957109195,21.71,0
523665,1.0050373127401788,0.6664082832618454,264.250957109195,88.11,0
13894,1.0050373127401788,0.7217340230306453,264.250957109195,0.0,0
15136,1.0068266980965492,9.550356014306484,264.21791632397805,0.0,0
16279,1.0050373127401788,1.0313583276436953,264.250957109195,3.88,0
17420,1.0050373127401788,0.9884836872705589,264.250957109195,3.88,0
18562,1.0050373127401788,0.8021221852062191,264.250957109195,3.88,0
19703,1.0050373127401788,0.8300602387778854,264.250957109195,71.34,0
20825,1.0050373127401788,0.7167286794875729,264.250957109195,71.34,0
21966,1.0050373127401788,0.8257723657279893,264.250957109195,37.93,2
23288,1.0050373127401788,0.8907300376657341,264.250957109195,43.42,0
24430,1.006081507632458,2.5344230112591704,264.2316762522497,43.42,0
25571,0.9780593029055038,6.778709316676737,264.7490276880032,23.04,0
26713,1.0002499687578101,13.772512479573217,264.3393517684822,23.04,0
27854,1.0096534058774822,4.549153767460494,264.1657202282012,23.04,0
28996,1.0191172650877818,9.456616731157078,263.99095549518813,23.04,0
30137,1.0073728207570423,2.220675572883171,264.2078321100739,23.04,0
31279,1.005186549850325,0.7598684096605149,264.24820148783544,23.04,0
32420,1.005186549850325,0.7406753674856482,264.24820148783544,23.04,0
33562,1.005186549850325,0.7217340230306453,264.24820148783544,23.04,0
34704,1.0064790112068904,3.6542577905779994,264.22433636954236,6.66,0
35845,1.008612908900139,6.555226922082865,264.18493353173756,124.74,0
37027,1.004290794541103,4.865151590649566,264.26474129297156,124.74,0
38168,1.0000999950004998,1.393628357920432,264.3421208475902,124.74,0
39310,1.0128178513434685,4.7276421184349395,264.10728583402124,124.74,0
40451,1.0032945728947207,1.6065179737556625,264.2831359896186,124.74,0
41593,1.0000499987500624,0.73824115301167,264.3430439652701,124.74,0
42733,1.0000499987500624,0.7142128534267639,264.3430439652701,7.55,0
43876,1.0000499987500624,0.7142128534267639,264.3430439652701,7.55,0
45017,1.0000499987500624,0.6911584478250989,264.3430439652701,39.42,0
46159,1.0000499987500624,0.7406753674856482,264.3430439652701,59.94,0
47300,1.0000499987500624,0.7142128534267639,264.3430439652701,59.94,0
48502,0.9986991538997116,0.7217340230306453,264.36798542721857,28.0,0
49703,1.0000499987500624,0.7217340230306453,264.3430439652701,28.0,0
50845,0.9986991538997116,0.7340980860893183,264.36798542721857,18.5,0
51986,1.008612908900139,0.7217340230306453,264.18493353173756,18.5,0
53128,0.9986991538997116,0.7142128534267639,264.36798542721857,41.61,0
54269,1.008612908900139,0.6582552696332935,264.18493353173756,80.97,0
55391,1.008612908900139,0.6664082832618454,264.18493353173756,85.59,0
56532,0.9986991538997116,0.6963476143421474,264.36798542721857,78.84,0
57674,1.008612908900139,0.6472248450113762,264.18493353173756,46.08,0
58815,0.9986991538997116,0.6980687645210892,264.36798542721857,74.91,0
59957,0.9986991538997116,0.7479304780526063,264.36798542721857,80.97,0
61099,1.004290794541103,13.6052453120111,264.26474129297156,83.22,0
62240,1.0032447358446492,7.11526527966456,264.28405619884865,83.22,0
63382,1.0013990213696036,1.393197760549449,264.31813579445924,83.22,0
64523,1.0086624807139402,20.853745466941906,264.18401816791106,83.22,0
65665,0.9976973488989535,0.8812491134747313,264.38648212757164,83.22,0
66806,1.0088607436113273,0.7217340230306453,264.1803571575663,83.22,0
67928,1.007620960480676,0.6582552696332935,264.2032501639912,83.22,0
69069,1.0073728207570423,0.7217340230306453,264.2078321100739,83.22,0
70211,1.0073728207570423,0.7217340230306453,264.2078321100739,83.22,0
71352,0.9976973488989535,1.1657615536635269,264.38648212757164,83.22,0
72494,1.0073728207570423,0.8021221852062191,264.2078321100739,4.98,0
73635,1.0073728207570423,0.7217340230306453,264.2078321100739,4.98,0
74776,1.0073728207570423,0.6664082832618454,264.2078321100739,4.98,0
75918,1.0073728207570423,0.7040596565632774,264.2078321100739,4.98,0
77119,1.0073728207570423,0.6664082832618454,264.2078321100739,4.98,0
78261,1.0073728207570423,0.7217340230306453,264.2078321100739,4.98,0
79401,1.0073728207570423,0.7217340230306453,264.2078321100739,4.98,0
80544,1.0073728207570423,0.7167286794875729,264.2078321100739,7.47,0
81685,1.0073728207570423,0.6664082832618454,264.2078321100739,7.47,0
82827,1.0073728207570423,0.7479304780526063,264.2078321100739,80.97,0
83968,1.0073728207570423,0.6664082832618454,264.2078321100739,83.22,0
85090,1.0073728207570423,0.7217340230306453,264.2078321100739,74.91,0
86231,1.0073728207570423,0.6963476143421474,264.2078321100739,74.91,0
87373,1.0073728207570423,0.6797793759742936,264.2078321100739,74.91,0
88514,1.0073728207570423,0.6609841147864296,264.2078321100739,15.94,0
89656,1.0073728207570423,0.7217340230306453,264.2078321100739,80.97,0
90797,1.0073728207570423,0.7217340230306453,264.2078321100739,80.97,0
91999,1.0073728207570423,0.7217340230306453,264.2078321100739,76.82,0
93200,1.0073728207570423,0.7340980860893183,264.2078321100739,69.69,0
94401,1.0073728207570423,0.6664082832618454,264.2078321100739,62.43,0
95543,1.0073728207570423,0.7340980860893183,264.2078321100739,63.76,0
96684,1.0073728207570423,0.7142128534267639,264.2078321100739,80.97,0
97806,1.0073728207570423,0.7777531742140303,264.2078321100739,76.82,0
98947,1.0073728207570423,0.7340980860893183,264.2078321100739,80.97,0
100089,1.0073728207570423,0.6664082832618454,264.2078321100739,88.11,0
101230,1.0073728207570423,0.7217340230306453,264.2078321100739,80.97,0
102372,1.0073728207570423,0.7217340230306453,264.2078321100739,80.97,0
103513,1.0073728207570423,0.7217340230306453,264.2078321100739,78.84,0
104655,1.0073728207570423,0.6797793759742936,264.2078321100739,78.84,0
105796,1.0073728207570423,0.7217340230306453,264.2078321100739,73.08,0
106998,1.0073728207570423,0.7217340230306453,264.2078321100739,74.91,0
108139,1.0073728207570423,0.6664082832618454,264.2078321100739,78.84,0
109281,1.0073728207570423,0.7340980860893183,264.2078321100739,85.59,0
110422,1.0062305898749053,0.7511990415329349,264.22892346006256,73.08,0
111624,1.0062305898749053,0.7747257579298626,264.22892346006256,73.08,0
112825,1.0062305898749053,0.7040596565632774,264.22892346006256,76.82,0
113967,1.0072239075796403,0.7598684096605149,264.21058181376435,80.97,0
115089,0.9962931295557548,0.7747257579298626,264.41240842705224,83.22,0
116230,1.0062305898749053,0.6946941773183363,264.22892346006256,85.59,0
117372,1.0062305898749053,0.7142128534267639,264.22892346006256,80.97,0
118513,1.0073728207570423,0.7142128534267639,264.2078321100739,83.22,0
119655,1.0062305898749053,0.7340980860893183,264.22892346006256,74.91,0
120796,1.0062305898749053,0.7142128534267639,264.22892346006256,85.59,0
121938,1.0062305898749053,0.7598684096605149,264.22892346006256,78.84,0
123079,1.0062305898749053,0.6472248450113762,264.22892346006256,80.97,0
124281,1.0062305898749053,0.7340980860893183,264.22892346006256,78.84,0
125422,1.0062305898749053,0.7217340230306453,264.22892346006256,78.84,0
126564,1.0062305898749053,0.7142128534267639,264.22892346006256,85.59,0
127706,1.0062305898749053,0.7040596565632774,264.22892346006256,83.22,0
128847,1.0062305898749053,0.6472248450113762,264.22892346006256,80.97,0
129989,1.0062305898749053,0.7142128534267639,264.22892346006256,80.97,0
131110,0.9962931295557548,0.7677239087067694,264.41240842705224,83.22,0
132252,1.0062305898749053,0.7217340230306453,264.22892346006256,74.91,0
133393,1.0062305898749053,0.7142128534267639,264.22892346006256,80.97,0
134595,1.0062305898749053,0.6797793759742936,264.22892346006256,76.82,0
135736,1.0062305898749053,0.7167286794875729,264.22892346006256,78.84,0
136938,1.0073728207570423,0.6360031446463138,264.2078321100739,38.41,0
138139,1.0073728207570423,0.7613803254615921,264.2078321100739,78.84,0
139281,1.0072239075796403,0.7217340230306453,264.21058181376435,80.97,0
140422,1.0073728207570423,0.7217340230306453,264.2078321100739,76.82,0
141564,1.0073728207570423,0.7217340230306453,264.2078321100739,78.84,0
142705,1.0073728207570423,0.6582552696332935,264.2078321100739,83.22,0
143847,1.0073728207570423,0.776273147803014,264.2078321100739,74.91,0
144988,1.0062305898749053,0.6937578828380979,264.22892346006256,78.84,0
146110,1.0072239075796403,0.7217340230306453,264.21058181376435,78.84,0
147251,1.006081507632458,0.7142128534267639,264.2316762522497,78.84,0
148393,0.9934284070832684,6.956356805109985,264.46529901870423,80.97,0
149534,1.0062305898749053,0.8515280382935139,264.22892346006256,39.95,0
150676,1.0062305898749053,0.6664082832618454,264.22892346006256,90.77,0
151818,1.0062305898749053,0.7479304780526063,264.22892346006256,88.11,0
14088,1.006081507632458,0.7518643494673756,264.2316762522497,0.0,0
15329,0.9954396013822234,19.81003281168408,264.42816705141007,4.04,0
16411,1.0176443386566842,12.634686383127995,264.01815651135234,4.04,0
17553,1.0073728207570423,0.9237965143904798,264.2078321100739,4.04,0
18694,1.0073728207570423,0.8605230967266363,264.2078321100739,4.04,0
19816,1.006081507632458,0.7915806970865321,264.2316762522497,4.04,0
20957,1.006081507632458,0.870976463516667,264.2316762522497,10.3,0
22099,1.0050373127401788,1.3574240310234678,264.250957109195,10.3,2
23300,1.0050373127401788,0.8257723657279893,264.250957109195,10.3,2
24502,1.0050373127401788,0.6868769904429759,264.250957109195,157.48,0
25703,1.0050373127401788,0.6664082832618454,264.250957109195,157.48,0
26845,1.0050373127401788,0.7598684096605149,264.250957109195,157.48,2
28047,1.0050373127401788,0.6946941773183363,264.250957109195,22.7,2
29308,1.006081507632458,0.8199390221229869,264.2316762522497,22.7,0
30449,1.000649788887201,3.9308396049699104,264.33196956515195,22.87,0
31611,1.0010993956645864,5.2143935409594855,264.3236680734367,22.87,0
32752,1.0037429949942367,1.7253985046939155,264.274856140795,22.87,0
33893,0.951892851112981,5.521503418454072,265.2319831426389,22.87,0
35035,1.0062305898749053,0.8206095295571456,264.22892346006256,22.87,0
36236,1.0062305898749053,0.7340980860893183,264.22892346006256,22.87,0
37378,1.0062305898749053,0.7217340230306453,264.22892346006256,22.87,0
38580,1.0062305898749053,0.7040596565632774,264.22892346006256,22.87,0
39721,1.0062305898749053,0.7479304780526063,264.22892346006256,22.87,0
40843,1.0062305898749053,0.6664082832618454,264.22892346006256,22.87,0
41984,1.0062305898749053,0.7217340230306453,264.22892346006256,22.87,0
43126,1.0062305898749053,0.7217340230306453,264.22892346006256,22.87,0
44267,1.0062305898749053,0.7217340230306453,264.22892346006256,22.87,0
45409,1.0062305898749053,0.6582552696332935,264.22892346006256,22.87,0
46550,1.0062305898749053,0.6664082832618454,264.22892346006256,3.73,0
47752,1.0062305898749053,0.7217340230306453,264.22892346006256,80.97,0
48893,1.0062305898749053,0.7217340230306453,264.22892346006256,76.82,0
50035,1.0062305898749053,0.6664082832618454,264.22892346006256,80.97,0
51176,1.0062305898749053,0.7217340230306453,264.22892346006256,83.22,0
52318,1.0062305898749053,0.7217340230306453,264.22892346006256,76.82,0
53460,1.0062305898749053,0.7217340230306453,264.22892346006256,83.22,0
54601,1.0062305898749053,0.6664082832618454,264.22892346006256,83.22,0
55723,1.0062305898749053,0.7217340230306453,264.22892346006256,85.59,0
56864,1.0062305898749053,0.7217340230306453,264.22892346006256,83.22,0
58006,1.0062305898749053,0.7217340230306453,264.22892346006256,80.97,0
59147,1.0062305898749053,0.6472248450113762,264.22892346006256,80.97,0
60289,1.0062305898749053,0.7167286794875729,264.22892346006256,83.22,0
61431,1.0062305898749053,0.7217340230306453,264.22892346006256,83.22,0
62572,1.0062305898749053,0.7040596565632774,264.22892346006256,83.22,0
63714,1.0062305898749053,0.7340980860893183,264.22892346006256,73.08,0
64855,1.0062305898749053,0.6963476143421474,264.22892346006256,73.08,0
65997,1.0062305898749053,0.7340980860893183,264.22892346006256,80.97,0
67138,1.0062305898749053,0.7340980860893183,264.22892346006256,85.59,0
68280,1.0062305898749053,0.7142128534267639,264.22892346006256,76.82,0
69422,1.0062305898749053,0.7040596565632774,264.22892346006256,80.97,0
12574,1.006081507632458,0.8155366331440912,264.2316762522497,0.0,0
13816,1.006081507632458,0.793095202355934,264.2316762522497,0.0,0
14957,1.006081507632458,0.6664082832618454,264.2316762522497,4.15,0
16099,1.006081507632458,0.7217340230306453,264.2316762522497,83.22,0
17300,1.006081507632458,0.6842514157822401,264.2316762522497,88.11,0
18442,0.9961425600786264,0.6388270501473775,264.4151883898493,62.37,0
19563,1.0050373127401788,0.8006872048434396,264.250957109195,93.6,0
20705,1.0249390225764652,9.695963077487454,263.88343897478285,93.6,0
21847,1.006081507632458,0.8028698524667619,264.2316762522497,93.6,0
22988,1.006081507632458,0.7116881339463235,264.2316762522497,93.6,0
24130,1.006081507632458,0.7340980860893183,264.2316762522497,93.6,0
25271,1.006081507632458,0.7217340230306453,264.2316762522497,93.6,1
26473,1.006081507632458,0.7217340230306453,264.2316762522497,93.6,0
27614,1.006081507632458,0.6664082832618454,264.2316762522497,93.6,0
28756,1.006081507632458,0.7217340230306453,264.2316762522497,93.6,0
29958,1.006081507632458,0.7217340230306453,264.2316762522497,93.6,0
31099,1.006081507632458,0.7217340230306453,264.2316762522497,93.6,0
32241,1.006081507632458,0.6980687645210892,264.2316762522497,4.94,0
33382,1.006081507632458,0.7040596565632774,264.2316762522497,65.15,2
34584,1.006081507632458,0.7406753674856482,264.2316762522497,93.6,0
35726,1.006081507632458,0.7217340230306453,264.2316762522497,39.95,0
36927,1.006081507632458,0.6664082832618454,264.2316762522497,80.97,1
38129,0.9941327879111522,1.2607140833670416,264.45229437410086,85.59,0
39271,1.0042410069301093,13.570537940700804,264.26566059901427,85.59,0
40412,0.9970957827611147,3.529716702513107,264.3975889746478,85.59,0
41534,1.0073728207570423,0.7747257579298626,264.2078321100739,85.59,0
42676,1.0062305898749053,0.8132650244538984,264.22892346006256,85.59,0
43817,1.0062305898749053,0.7217340230306453,264.22892346006256,85.59,0
44959,1.0062305898749053,0.7217340230306453,264.22892346006256,85.59,0
46100,1.0062305898749053,0.7217340230306453,264.22892346006256,85.59,0
47242,1.0062305898749053,0.7142128534267639,264.22892346006256,85.59,0
48384,1.0062305898749053,0.6664082832618454,264.22892346006256,85.59,0
15766,1.0050373127401788,0.7217340230306453,264.250957109195,0.0,0
17007,1.0050373127401788,0.7116881339463235,264.250957109195,0.0,0
18209,1.0050373127401788,0.6664082832618454,264.250957109195,0.0,1
19391,1.005186549850325,0.7040596565632774,264.24820148783544,88.11,0
20532,1.0050373127401788,0.7340980860893183,264.250957109195,73.08,0
21734,1.0050373127401788,0.9468896451012653,264.250957109195,80.97,0
22875,1.006081507632458,0.7217340230306453,264.2316762522497,29.37,2
24077,1.0062305898749053,0.7598684096605149,264.22892346006256,29.37,0
25219,1.006081507632458,0.6664082832618454,264.2316762522497,28.53,2
26420,0.9926731586982696,10.38289458677107,264.47924270020656,76.82,0
27562,1.0048382954485762,7.973687979849727,264.25463190086833,76.82,0
28704,0.9954898291795853,1.5621139523094978,264.42723970339154,76.82,0
29845,1.005186549850325,0.7406753674856482,264.24820148783544,76.82,0
30987,1.005186549850325,0.7217340230306453,264.24820148783544,76.82,0
32128,1.005186549850325,0.8792041856133306,264.24820148783544,76.82,0
